N;n;m;#inst;#OPT;T_min;T_mean;T_max
60;30;2;250;218;422.44399999999996;118059.60241199998;600005.0
