N;n;m;#inst;#OPT;T_min;T_mean;T_max;d_min;d_mean;d_max
60.0;30.0;2.0;250;0;0.018000000000000002;0.022687999999999934;0.064;4600.0;11396.8;18100.0
