N;n;m;#inst;#OPT;T_min;T_mean;T_max;d_min;d_mean;d_max
60.0;30.0;2.0;250;0;0.018000000000000002;0.03179599999999991;0.096;4000.0;9041.2;16900.0
